{"cameraMode":{"drawMode":0,"name":"Shaded","section":"Shading Mode"},"sceneLighting":true,"audioPlay":false,"sceneViewState":{"m_AlwaysRefresh":false,"showFog":true,"showSkybox":true,"showFlares":true,"showImageEffects":true,"showParticleSystems":true,"showVisualEffectGraphs":true,"m_FxEnabled":true},"in2DMode":false,"pivot":{"x":2.225769281387329,"y":0.9355875253677368,"z":-4.852315425872803},"rotation":{"x":0.10996250808238983,"y":0.7053975462913513,"z":-0.11226897686719895,"w":0.6911171674728394},"size":12.460184097290039,"orthographic":false}